downtime_event_id,machine_id,line_id,timestamp,shift,root_cause,temperature,vibration,cycle_time,pressure_instability,repeated_anomaly_hours,downtime_minutes
DT_M001_20260206,M001,L1,2026-02-06 17:00:00,Evening,Bearing wear,82.95,3.121,64.48,2.11,0,56
DT_M001_20260214,M001,L1,2026-02-14 18:00:00,Evening,Bearing wear,84.6,3.218,65.47,1.74,0,51
DT_M001_20260215,M001,L1,2026-02-15 08:00:00,Day,Bearing wear,84.0,3.494,65.64,2.03,0,15
DT_M001_20260216,M001,L1,2026-02-16 03:00:00,Night,Sensor drift,83.41,3.277,64.73,1.95,0,48
DT_M001_20260219,M001,L1,2026-02-19 22:00:00,Evening,Bearing wear,81.87,3.125,65.53,2.0,0,77
DT_M001_20260223,M001,L1,2026-02-23 16:00:00,Evening,Bearing wear,82.17,3.458,66.28,1.93,0,58
DT_M002_20260101,M002,L2,2026-01-01 09:00:00,Day,Sensor drift,82.88,2.859,57.28,1.37,0,52
DT_M002_20260120,M002,L2,2026-01-20 03:00:00,Night,Sensor drift,83.35,3.321,59.75,2.22,0,66
DT_M002_20260124,M002,L2,2026-01-24 01:00:00,Night,Pressure instability,81.68,3.513,59.45,2.13,0,49
DT_M002_20260204,M002,L2,2026-02-04 06:00:00,Night,Bearing wear,82.84,3.771,60.99,1.65,0,74
DT_M002_20260211,M002,L2,2026-02-11 18:00:00,Evening,Bearing wear,83.37,4.05,61.09,2.18,2,65
DT_M002_20260213,M002,L2,2026-02-13 17:00:00,Evening,Pressure instability,83.41,4.033,60.51,2.53,1,71
DT_M002_20260216,M002,L2,2026-02-16 13:00:00,Day,Pressure instability,80.82,4.021,61.4,1.91,0,34
DT_M002_20260218,M002,L2,2026-02-18 05:00:00,Night,Bearing wear,81.17,4.101,61.58,2.09,0,72
DT_M002_20260221,M002,L2,2026-02-21 00:00:00,Night,Pressure instability,81.79,4.193,61.21,1.69,0,95
DT_M002_20260222,M002,L2,2026-02-22 06:00:00,Night,Pressure instability,82.37,4.231,61.18,2.51,0,67
DT_M002_20260223,M002,L2,2026-02-23 11:00:00,Day,Pressure instability,80.28,4.133,60.8,2.55,0,31
DT_M002_20260224,M002,L2,2026-02-24 13:00:00,Day,Sensor drift,81.18,4.112,61.26,2.3,0,78
DT_M002_20260225,M002,L2,2026-02-25 04:00:00,Night,Bearing wear,81.46,4.217,61.42,2.32,1,112
DT_M002_20260228,M002,L2,2026-02-28 01:00:00,Night,Overheating,82.01,4.315,62.97,2.67,3,97
DT_M002_20260301,M002,L2,2026-03-01 10:00:00,Day,Sensor drift,82.87,4.366,62.17,2.47,3,75
DT_M003_20260205,M003,L3,2026-02-05 14:00:00,Day,Sensor drift,81.57,3.539,66.71,2.06,0,64
DT_M003_20260206,M003,L3,2026-02-06 13:00:00,Day,Overheating,83.25,3.433,66.65,1.74,0,77
DT_M003_20260208,M003,L3,2026-02-08 00:00:00,Night,Pressure instability,83.02,3.509,66.43,2.5,0,72
DT_M003_20260219,M003,L3,2026-02-19 21:00:00,Evening,Pressure instability,81.62,3.724,66.93,1.93,0,33
DT_M003_20260227,M003,L3,2026-02-27 13:00:00,Day,Bearing wear,81.09,3.87,68.02,2.3,0,28
DT_M004_20260102,M004,L1,2026-01-02 06:00:00,Night,Bearing wear,81.64,3.255,63.95,2.28,0,44
DT_M004_20260107,M004,L1,2026-01-07 18:00:00,Evening,Bearing wear,82.48,3.473,64.11,1.97,0,38
DT_M004_20260110,M004,L1,2026-01-10 11:00:00,Day,Overheating,82.07,3.563,64.75,2.18,0,67
DT_M004_20260111,M004,L1,2026-01-11 17:00:00,Evening,Bearing wear,83.36,3.543,65.25,2.24,0,65
DT_M004_20260116,M004,L1,2026-01-16 18:00:00,Evening,Bearing wear,84.03,3.586,65.44,2.21,0,48
DT_M004_20260117,M004,L1,2026-01-17 18:00:00,Evening,Bearing wear,83.43,3.887,64.92,1.83,1,87
DT_M004_20260119,M004,L1,2026-01-19 14:00:00,Day,Bearing wear,85.31,3.728,65.38,2.04,1,36
DT_M004_20260129,M004,L1,2026-01-29 19:00:00,Evening,Sensor drift,83.84,3.986,66.83,1.82,1,90
DT_M004_20260130,M004,L1,2026-01-30 10:00:00,Day,Sensor drift,82.3,3.971,66.32,2.26,0,79
DT_M004_20260131,M004,L1,2026-01-31 05:00:00,Night,Overheating,83.51,3.979,66.03,2.36,0,67
DT_M004_20260205,M004,L1,2026-02-05 07:00:00,Night,Bearing wear,81.87,4.1,67.56,2.48,0,62
DT_M004_20260208,M004,L1,2026-02-08 16:00:00,Evening,Pressure instability,82.33,4.127,67.43,3.12,1,86
DT_M004_20260209,M004,L1,2026-02-09 06:00:00,Night,Bearing wear,82.96,4.418,67.73,1.84,2,84
DT_M004_20260210,M004,L1,2026-02-10 22:00:00,Evening,Overheating,84.16,4.416,67.36,2.03,2,97
DT_M004_20260211,M004,L1,2026-02-11 05:00:00,Night,Overheating,83.51,4.312,67.46,2.17,1,83
DT_M004_20260212,M004,L1,2026-02-12 15:00:00,Day,Pressure instability,84.41,4.331,67.46,2.05,2,77
DT_M004_20260213,M004,L1,2026-02-13 00:00:00,Night,Bearing wear,82.71,4.478,67.81,2.04,3,87
DT_M004_20260214,M004,L1,2026-02-14 22:00:00,Evening,Overheating,84.73,4.335,67.83,1.94,3,102
DT_M004_20260215,M004,L1,2026-02-15 03:00:00,Night,Bearing wear,85.63,4.327,67.89,1.84,4,81
DT_M004_20260217,M004,L1,2026-02-17 04:00:00,Night,Bearing wear,83.54,4.613,67.98,2.2,5,99
DT_M004_20260218,M004,L1,2026-02-18 14:00:00,Day,Sensor drift,83.57,4.522,68.11,2.23,7,122
DT_M004_20260219,M004,L1,2026-02-19 07:00:00,Night,Sensor drift,83.75,4.51,68.5,2.46,6,94
DT_M004_20260220,M004,L1,2026-02-20 15:00:00,Day,Pressure instability,85.08,4.491,68.38,1.98,7,98
DT_M004_20260221,M004,L1,2026-02-21 01:00:00,Night,Sensor drift,83.75,4.465,68.36,2.31,8,126
DT_M004_20260222,M004,L1,2026-02-22 19:00:00,Evening,Pressure instability,83.4,4.741,68.23,2.31,13,113
DT_M004_20260223,M004,L1,2026-02-23 19:00:00,Evening,Bearing wear,85.32,4.572,68.81,2.4,11,133
DT_M004_20260224,M004,L1,2026-02-24 15:00:00,Day,Overheating,82.68,4.656,67.88,2.39,10,118
DT_M004_20260225,M004,L1,2026-02-25 08:00:00,Day,Pressure instability,83.57,4.747,68.75,2.53,15,134
DT_M004_20260226,M004,L1,2026-02-26 02:00:00,Night,Overheating,82.49,4.728,69.28,2.91,16,161
DT_M004_20260227,M004,L1,2026-02-27 16:00:00,Evening,Pressure instability,82.29,4.716,69.01,2.35,15,131
DT_M004_20260228,M004,L1,2026-02-28 22:00:00,Evening,Overheating,83.04,4.676,69.16,1.64,16,154
DT_M004_20260301,M004,L1,2026-03-01 14:00:00,Day,Overheating,83.71,4.704,69.66,2.75,20,182
DT_M005_20260116,M005,L2,2026-01-16 00:00:00,Night,Pressure instability,78.16,3.131,56.9,1.92,0,83
DT_M005_20260123,M005,L2,2026-01-23 02:00:00,Night,Pressure instability,77.7,3.5,58.29,1.93,0,47
DT_M005_20260209,M005,L2,2026-02-09 15:00:00,Day,Pressure instability,77.43,4.063,58.94,2.0,0,66
DT_M005_20260219,M005,L2,2026-02-19 19:00:00,Evening,Bearing wear,80.29,4.301,60.19,2.04,0,60
DT_M005_20260220,M005,L2,2026-02-20 09:00:00,Day,Bearing wear,76.61,4.231,59.94,2.56,0,87
DT_M005_20260222,M005,L2,2026-02-22 14:00:00,Day,Bearing wear,76.86,4.396,60.69,2.53,0,75
DT_M005_20260301,M005,L2,2026-03-01 10:00:00,Day,Bearing wear,78.67,4.316,60.69,2.26,0,96
DT_M006_20260101,M006,L3,2026-01-01 20:00:00,Evening,Sensor drift,93.59,3.243,62.04,1.81,8,116
DT_M006_20260102,M006,L3,2026-01-02 03:00:00,Night,Pressure instability,92.53,3.265,61.1,2.06,8,115
DT_M006_20260103,M006,L3,2026-01-03 09:00:00,Day,Bearing wear,91.66,3.371,61.75,1.77,9,72
DT_M006_20260104,M006,L3,2026-01-04 01:00:00,Night,Bearing wear,92.47,3.333,61.64,2.19,11,119
DT_M006_20260105,M006,L3,2026-01-05 09:00:00,Day,Overheating,91.07,3.232,61.94,1.91,11,124
DT_M006_20260106,M006,L3,2026-01-06 04:00:00,Night,Sensor drift,92.59,3.386,62.1,1.95,12,120
DT_M006_20260107,M006,L3,2026-01-07 10:00:00,Day,Overheating,91.1,3.318,61.87,1.94,11,93
DT_M006_20260108,M006,L3,2026-01-08 16:00:00,Evening,Bearing wear,91.38,3.38,61.8,2.2,13,114
DT_M006_20260110,M006,L3,2026-01-10 14:00:00,Day,Sensor drift,91.38,3.37,62.14,2.34,15,125
DT_M006_20260111,M006,L3,2026-01-11 08:00:00,Day,Pressure instability,91.17,3.451,63.33,1.66,18,170
DT_M006_20260113,M006,L3,2026-01-13 06:00:00,Night,Sensor drift,92.38,3.363,63.11,2.25,16,156
DT_M006_20260114,M006,L3,2026-01-14 05:00:00,Night,Pressure instability,91.94,3.482,62.63,2.07,21,167
DT_M006_20260115,M006,L3,2026-01-15 11:00:00,Day,Pressure instability,91.61,3.68,63.04,2.28,21,201
DT_M006_20260118,M006,L3,2026-01-18 06:00:00,Night,Overheating,92.12,3.865,62.97,2.2,17,149
DT_M006_20260119,M006,L3,2026-01-19 23:00:00,Evening,Pressure instability,92.79,3.693,63.05,1.92,22,179
DT_M006_20260120,M006,L3,2026-01-20 13:00:00,Day,Overheating,92.21,3.519,63.92,2.31,22,173
DT_M006_20260121,M006,L3,2026-01-21 17:00:00,Evening,Bearing wear,92.11,3.764,63.22,2.06,19,203
DT_M006_20260122,M006,L3,2026-01-22 08:00:00,Day,Bearing wear,90.91,3.718,62.51,2.63,21,144
DT_M006_20260123,M006,L3,2026-01-23 18:00:00,Evening,Overheating,92.31,3.797,63.52,1.83,23,184
DT_M006_20260124,M006,L3,2026-01-24 22:00:00,Evening,Pressure instability,92.41,3.8,62.98,1.85,24,201
DT_M006_20260125,M006,L3,2026-01-25 09:00:00,Day,Overheating,91.49,3.911,64.09,2.38,24,192
DT_M006_20260126,M006,L3,2026-01-26 03:00:00,Night,Bearing wear,92.32,3.917,63.63,2.15,23,192
DT_M006_20260127,M006,L3,2026-01-27 12:00:00,Day,Bearing wear,91.86,3.957,64.0,2.31,23,169
DT_M006_20260128,M006,L3,2026-01-28 17:00:00,Evening,Pressure instability,91.46,3.924,63.59,2.0,22,149
DT_M006_20260129,M006,L3,2026-01-29 21:00:00,Evening,Bearing wear,93.21,3.881,64.2,2.12,23,189
DT_M006_20260130,M006,L3,2026-01-30 19:00:00,Evening,Bearing wear,92.54,3.95,63.97,2.48,24,183
DT_M006_20260201,M006,L3,2026-02-01 18:00:00,Evening,Bearing wear,92.73,4.085,64.1,2.51,24,197
DT_M006_20260202,M006,L3,2026-02-02 09:00:00,Day,Pressure instability,92.01,4.208,64.41,2.34,24,182
DT_M006_20260203,M006,L3,2026-02-03 10:00:00,Day,Sensor drift,92.4,4.056,64.94,2.12,24,171
DT_M006_20260204,M006,L3,2026-02-04 10:00:00,Day,Bearing wear,93.14,4.258,65.33,2.18,24,191
DT_M006_20260205,M006,L3,2026-02-05 09:00:00,Day,Overheating,92.56,4.237,64.36,2.05,24,185
DT_M006_20260206,M006,L3,2026-02-06 01:00:00,Night,Bearing wear,92.03,4.309,65.15,2.11,24,192
DT_M006_20260207,M006,L3,2026-02-07 20:00:00,Evening,Sensor drift,92.23,4.289,64.87,1.79,24,183
DT_M006_20260208,M006,L3,2026-02-08 19:00:00,Evening,Pressure instability,89.99,4.22,64.51,2.71,24,170
DT_M006_20260209,M006,L3,2026-02-09 19:00:00,Evening,Bearing wear,92.04,4.218,65.01,1.79,24,198
DT_M006_20260210,M006,L3,2026-02-10 22:00:00,Evening,Bearing wear,90.95,4.162,65.27,2.17,24,180
DT_M006_20260211,M006,L3,2026-02-11 19:00:00,Evening,Pressure instability,91.34,4.149,65.14,1.91,24,206
DT_M006_20260212,M006,L3,2026-02-12 17:00:00,Evening,Overheating,91.65,4.289,65.16,2.39,24,207
DT_M006_20260213,M006,L3,2026-02-13 04:00:00,Night,Pressure instability,91.19,4.267,65.66,2.27,24,166
DT_M006_20260214,M006,L3,2026-02-14 09:00:00,Day,Pressure instability,93.07,4.251,65.09,2.54,24,224
DT_M006_20260215,M006,L3,2026-02-15 21:00:00,Evening,Bearing wear,91.23,4.35,65.88,2.81,24,234
DT_M006_20260216,M006,L3,2026-02-16 15:00:00,Day,Sensor drift,92.86,4.34,66.02,1.97,24,190
DT_M006_20260217,M006,L3,2026-02-17 11:00:00,Day,Sensor drift,91.4,4.421,65.49,2.2,24,209
DT_M006_20260218,M006,L3,2026-02-18 11:00:00,Day,Sensor drift,91.5,4.427,65.81,2.01,24,195
DT_M006_20260219,M006,L3,2026-02-19 13:00:00,Day,Pressure instability,92.12,4.748,66.09,2.18,24,183
DT_M006_20260220,M006,L3,2026-02-20 22:00:00,Evening,Sensor drift,92.02,4.422,66.63,1.87,24,211
DT_M006_20260221,M006,L3,2026-02-21 11:00:00,Day,Bearing wear,92.27,4.494,66.12,2.59,24,170
DT_M006_20260222,M006,L3,2026-02-22 22:00:00,Evening,Overheating,92.08,4.566,65.82,2.15,24,221
DT_M006_20260223,M006,L3,2026-02-23 17:00:00,Evening,Pressure instability,91.74,4.55,66.46,2.37,24,216
DT_M006_20260224,M006,L3,2026-02-24 07:00:00,Night,Bearing wear,93.17,4.535,65.94,3.05,24,210
DT_M006_20260225,M006,L3,2026-02-25 16:00:00,Evening,Pressure instability,89.63,4.327,65.51,2.64,24,185
DT_M006_20260226,M006,L3,2026-02-26 11:00:00,Day,Overheating,90.44,4.444,66.23,2.59,24,181
DT_M006_20260227,M006,L3,2026-02-27 05:00:00,Night,Bearing wear,91.06,4.648,66.23,2.28,24,207
DT_M006_20260228,M006,L3,2026-02-28 22:00:00,Evening,Overheating,89.41,4.754,66.48,2.18,24,175
DT_M006_20260301,M006,L3,2026-03-01 03:00:00,Night,Overheating,92.1,4.619,66.69,2.38,24,200
DT_M007_20260101,M007,L1,2026-01-01 18:00:00,Evening,Sensor drift,82.74,2.824,65.03,1.46,0,73
DT_M007_20260102,M007,L1,2026-01-02 00:00:00,Night,Pressure instability,84.19,3.034,65.05,2.2,0,47
DT_M007_20260110,M007,L1,2026-01-10 11:00:00,Day,Pressure instability,84.83,3.189,65.23,2.06,0,42
DT_M007_20260112,M007,L1,2026-01-12 01:00:00,Night,Overheating,82.59,3.136,64.7,1.87,0,55
DT_M007_20260125,M007,L1,2026-01-25 01:00:00,Night,Overheating,84.36,3.493,66.66,1.9,0,87
DT_M007_20260128,M007,L1,2026-01-28 16:00:00,Evening,Overheating,81.9,3.784,67.49,2.05,0,60
DT_M007_20260129,M007,L1,2026-01-29 03:00:00,Night,Overheating,84.4,3.756,66.94,1.88,0,67
DT_M007_20260131,M007,L1,2026-01-31 14:00:00,Day,Pressure instability,82.31,3.865,67.77,2.07,0,48
DT_M007_20260201,M007,L1,2026-02-01 12:00:00,Day,Overheating,83.31,3.897,67.45,2.3,0,76
DT_M007_20260205,M007,L1,2026-02-05 12:00:00,Day,Bearing wear,81.45,3.765,66.97,2.17,0,54
DT_M007_20260214,M007,L1,2026-02-14 15:00:00,Day,Sensor drift,83.64,4.135,68.41,2.11,2,113
DT_M007_20260217,M007,L1,2026-02-17 05:00:00,Night,Bearing wear,83.52,4.108,68.57,2.35,1,34
DT_M007_20260218,M007,L1,2026-02-18 22:00:00,Evening,Bearing wear,83.31,4.251,68.85,2.0,2,67
DT_M007_20260220,M007,L1,2026-02-20 08:00:00,Day,Pressure instability,83.74,4.243,69.26,2.13,3,74
DT_M007_20260221,M007,L1,2026-02-21 10:00:00,Day,Sensor drift,83.59,4.282,68.82,2.54,1,72
DT_M007_20260222,M007,L1,2026-02-22 23:00:00,Evening,Bearing wear,83.53,4.311,69.57,2.45,4,116
DT_M007_20260223,M007,L1,2026-02-23 11:00:00,Day,Bearing wear,82.21,4.533,69.33,2.34,3,68
DT_M007_20260224,M007,L1,2026-02-24 04:00:00,Night,Overheating,83.26,4.524,69.79,2.18,6,85
DT_M007_20260225,M007,L1,2026-02-25 22:00:00,Evening,Overheating,84.44,4.333,69.14,2.0,3,112
DT_M007_20260227,M007,L1,2026-02-27 01:00:00,Night,Pressure instability,81.86,4.529,69.83,2.57,2,73
DT_M007_20260301,M007,L1,2026-03-01 02:00:00,Night,Overheating,82.83,4.416,69.28,2.84,3,108
DT_M008_20260105,M008,L2,2026-01-05 06:00:00,Night,Overheating,86.29,2.927,62.13,2.5,0,65
DT_M008_20260120,M008,L2,2026-01-20 20:00:00,Evening,Sensor drift,83.86,3.235,64.29,2.02,0,62
DT_M008_20260121,M008,L2,2026-01-21 07:00:00,Night,Overheating,83.94,3.314,62.98,1.55,0,75
DT_M008_20260208,M008,L2,2026-02-08 11:00:00,Day,Bearing wear,83.46,3.603,65.83,1.79,0,79
DT_M008_20260210,M008,L2,2026-02-10 23:00:00,Evening,Sensor drift,83.5,3.706,66.16,1.67,0,67
DT_M008_20260214,M008,L2,2026-02-14 18:00:00,Evening,Overheating,82.4,3.879,65.65,1.84,0,77
DT_M008_20260215,M008,L2,2026-02-15 07:00:00,Night,Overheating,84.32,4.003,64.99,2.11,0,53
DT_M008_20260216,M008,L2,2026-02-16 07:00:00,Night,Sensor drift,84.41,3.876,66.27,2.39,0,58
DT_M008_20260219,M008,L2,2026-02-19 01:00:00,Night,Bearing wear,82.37,4.063,66.4,2.39,1,90
DT_M008_20260220,M008,L2,2026-02-20 22:00:00,Evening,Sensor drift,81.39,4.046,66.35,2.57,0,72
DT_M008_20260224,M008,L2,2026-02-24 04:00:00,Night,Overheating,82.8,4.149,66.74,2.24,1,45
DT_M008_20260225,M008,L2,2026-02-25 01:00:00,Night,Sensor drift,81.39,4.09,65.91,2.18,0,62
DT_M009_20260103,M009,L3,2026-01-03 05:00:00,Night,Pressure instability,84.67,3.428,63.39,2.09,0,54
DT_M009_20260107,M009,L3,2026-01-07 18:00:00,Evening,Bearing wear,83.57,3.719,63.88,1.48,0,57
DT_M009_20260113,M009,L3,2026-01-13 13:00:00,Day,Sensor drift,83.96,3.641,63.24,2.04,0,61
DT_M009_20260114,M009,L3,2026-01-14 12:00:00,Day,Bearing wear,81.18,3.686,63.55,1.81,0,57
DT_M009_20260116,M009,L3,2026-01-16 14:00:00,Day,Pressure instability,84.09,3.729,63.88,2.26,0,75
DT_M009_20260117,M009,L3,2026-01-17 13:00:00,Day,Sensor drift,82.94,4.081,64.1,2.04,0,52
DT_M009_20260118,M009,L3,2026-01-18 12:00:00,Day,Pressure instability,84.89,3.889,64.22,1.38,0,90
DT_M009_20260124,M009,L3,2026-01-24 19:00:00,Evening,Sensor drift,84.21,4.103,64.77,2.59,0,66
DT_M009_20260126,M009,L3,2026-01-26 09:00:00,Day,Sensor drift,82.62,3.96,64.55,2.11,0,57
DT_M009_20260129,M009,L3,2026-01-29 07:00:00,Night,Bearing wear,83.0,4.136,65.23,2.29,0,98
DT_M009_20260201,M009,L3,2026-02-01 15:00:00,Day,Bearing wear,83.6,4.18,66.14,2.2,1,64
DT_M009_20260203,M009,L3,2026-02-03 04:00:00,Night,Pressure instability,83.3,4.363,66.15,2.23,1,55
DT_M009_20260206,M009,L3,2026-02-06 22:00:00,Evening,Pressure instability,82.99,4.275,66.15,1.85,0,67
DT_M009_20260207,M009,L3,2026-02-07 23:00:00,Evening,Bearing wear,82.49,4.432,65.64,2.36,3,85
DT_M009_20260210,M009,L3,2026-02-10 14:00:00,Day,Pressure instability,84.69,4.524,66.6,1.94,3,89
DT_M009_20260212,M009,L3,2026-02-12 17:00:00,Evening,Sensor drift,83.16,4.47,67.88,1.8,5,95
DT_M009_20260213,M009,L3,2026-02-13 11:00:00,Day,Pressure instability,83.6,4.617,68.04,2.96,8,116
DT_M009_20260214,M009,L3,2026-02-14 20:00:00,Evening,Pressure instability,83.35,4.606,67.99,1.77,5,76
DT_M009_20260215,M009,L3,2026-02-15 18:00:00,Evening,Bearing wear,83.64,4.705,67.13,2.19,7,132
DT_M009_20260219,M009,L3,2026-02-19 18:00:00,Evening,Bearing wear,82.39,4.701,67.9,2.38,9,117
DT_M009_20260220,M009,L3,2026-02-20 04:00:00,Night,Bearing wear,82.64,4.618,67.38,2.53,8,127
DT_M009_20260221,M009,L3,2026-02-21 15:00:00,Day,Overheating,84.07,4.873,67.41,2.02,9,122
DT_M009_20260222,M009,L3,2026-02-22 02:00:00,Night,Sensor drift,85.01,5.045,68.34,2.35,16,145
DT_M009_20260223,M009,L3,2026-02-23 13:00:00,Day,Overheating,83.68,5.065,68.46,2.62,14,152
DT_M009_20260224,M009,L3,2026-02-24 06:00:00,Night,Sensor drift,83.28,4.814,68.14,2.11,15,157
DT_M009_20260225,M009,L3,2026-02-25 23:00:00,Evening,Bearing wear,83.19,5.057,68.17,2.35,18,125
DT_M009_20260226,M009,L3,2026-02-26 22:00:00,Evening,Pressure instability,84.94,4.963,68.23,2.69,21,144
DT_M009_20260227,M009,L3,2026-02-27 21:00:00,Evening,Overheating,84.9,4.975,68.63,2.15,19,145
DT_M009_20260228,M009,L3,2026-02-28 17:00:00,Evening,Pressure instability,83.86,5.099,68.3,2.63,22,162
DT_M009_20260301,M009,L3,2026-03-01 08:00:00,Day,Pressure instability,83.01,5.189,69.25,2.73,23,187
DT_M010_20260109,M010,L1,2026-01-09 00:00:00,Night,Bearing wear,74.7,3.168,61.23,1.82,0,51
DT_M010_20260204,M010,L1,2026-02-04 21:00:00,Evening,Pressure instability,77.05,3.791,64.35,1.9,0,60
DT_M010_20260205,M010,L1,2026-02-05 00:00:00,Night,Overheating,75.36,3.69,64.14,2.11,0,77
DT_M010_20260209,M010,L1,2026-02-09 20:00:00,Evening,Bearing wear,75.22,3.725,64.55,1.71,0,48
DT_M010_20260217,M010,L1,2026-02-17 21:00:00,Evening,Overheating,75.44,4.247,65.51,2.43,0,54
DT_M010_20260223,M010,L1,2026-02-23 10:00:00,Day,Pressure instability,77.16,4.154,66.15,1.83,0,65
DT_M010_20260224,M010,L1,2026-02-24 12:00:00,Day,Pressure instability,75.55,4.307,65.84,2.34,1,81
DT_M010_20260225,M010,L1,2026-02-25 05:00:00,Night,Pressure instability,75.87,4.242,65.7,2.1,0,60
DT_M010_20260226,M010,L1,2026-02-26 18:00:00,Evening,Bearing wear,74.97,4.329,65.81,2.5,2,84
DT_M010_20260227,M010,L1,2026-02-27 07:00:00,Night,Bearing wear,76.35,4.344,65.98,2.79,2,101
DT_M010_20260228,M010,L1,2026-02-28 12:00:00,Day,Bearing wear,75.42,4.51,65.7,2.59,2,74
DT_M010_20260301,M010,L1,2026-03-01 14:00:00,Day,Overheating,74.69,4.306,66.89,2.67,3,83
DT_M011_20260116,M011,L2,2026-01-16 08:00:00,Day,Bearing wear,80.04,3.808,66.85,1.74,0,55
DT_M011_20260123,M011,L2,2026-01-23 07:00:00,Night,Pressure instability,78.48,3.816,68.23,1.5,0,54
DT_M011_20260127,M011,L2,2026-01-27 09:00:00,Day,Pressure instability,77.71,4.183,67.75,2.12,0,60
DT_M011_20260128,M011,L2,2026-01-28 21:00:00,Evening,Bearing wear,77.96,4.167,68.17,2.0,0,79
DT_M011_20260129,M011,L2,2026-01-29 20:00:00,Evening,Pressure instability,77.27,4.024,69.01,2.26,0,89
DT_M011_20260207,M011,L2,2026-02-07 06:00:00,Night,Bearing wear,76.25,4.259,69.22,2.26,0,59
DT_M011_20260209,M011,L2,2026-02-09 20:00:00,Evening,Sensor drift,78.65,4.321,69.13,2.25,0,58
DT_M011_20260212,M011,L2,2026-02-12 01:00:00,Night,Sensor drift,77.4,4.591,69.26,1.58,0,83
DT_M011_20260214,M011,L2,2026-02-14 14:00:00,Day,Bearing wear,80.7,4.36,69.09,2.38,0,59
DT_M011_20260215,M011,L2,2026-02-15 16:00:00,Evening,Bearing wear,77.48,4.426,68.84,2.16,0,74
DT_M011_20260216,M011,L2,2026-02-16 06:00:00,Night,Sensor drift,76.55,4.472,68.7,2.36,0,82
DT_M011_20260217,M011,L2,2026-02-17 18:00:00,Evening,Bearing wear,77.46,4.545,69.12,2.43,0,97
DT_M011_20260218,M011,L2,2026-02-18 00:00:00,Night,Pressure instability,77.1,4.442,69.5,2.42,0,59
DT_M011_20260219,M011,L2,2026-02-19 07:00:00,Night,Overheating,77.69,4.414,69.41,2.4,0,92
DT_M011_20260221,M011,L2,2026-02-21 22:00:00,Evening,Bearing wear,76.95,4.819,69.5,2.31,1,65
DT_M011_20260222,M011,L2,2026-02-22 18:00:00,Evening,Pressure instability,78.39,5.051,69.62,2.49,1,72
DT_M011_20260225,M011,L2,2026-02-25 10:00:00,Day,Pressure instability,77.84,4.728,70.83,2.88,4,83
DT_M011_20260226,M011,L2,2026-02-26 15:00:00,Day,Pressure instability,76.61,4.876,70.23,1.68,3,133
DT_M011_20260227,M011,L2,2026-02-27 12:00:00,Day,Bearing wear,79.01,5.018,70.62,2.44,4,93
DT_M011_20260228,M011,L2,2026-02-28 00:00:00,Night,Overheating,78.44,4.839,71.41,2.24,8,129
DT_M011_20260301,M011,L2,2026-03-01 09:00:00,Day,Sensor drift,77.77,4.933,70.95,2.91,7,102
DT_M012_20260101,M012,L3,2026-01-01 14:00:00,Day,Bearing wear,83.51,3.273,59.54,2.07,0,77
DT_M012_20260103,M012,L3,2026-01-03 21:00:00,Evening,Sensor drift,83.34,3.262,59.6,1.99,0,60
DT_M012_20260104,M012,L3,2026-01-04 23:00:00,Evening,Overheating,83.7,3.584,60.32,1.84,0,72
DT_M012_20260111,M012,L3,2026-01-11 11:00:00,Day,Sensor drift,85.39,3.535,60.37,1.75,0,67
DT_M012_20260126,M012,L3,2026-01-26 05:00:00,Night,Pressure instability,84.67,3.95,61.68,2.46,0,87
DT_M012_20260128,M012,L3,2026-01-28 12:00:00,Day,Overheating,84.19,3.853,62.24,2.38,3,93
DT_M012_20260204,M012,L3,2026-02-04 19:00:00,Evening,Overheating,84.1,4.073,62.71,2.56,4,93
DT_M012_20260205,M012,L3,2026-02-05 00:00:00,Night,Bearing wear,83.8,4.176,62.9,2.42,3,70
DT_M012_20260206,M012,L3,2026-02-06 04:00:00,Night,Overheating,83.97,3.99,62.84,2.09,2,89
DT_M012_20260211,M012,L3,2026-02-11 20:00:00,Evening,Bearing wear,83.67,4.341,63.55,1.82,5,104
DT_M012_20260213,M012,L3,2026-02-13 17:00:00,Evening,Sensor drift,82.24,4.452,63.93,2.19,10,126
DT_M012_20260214,M012,L3,2026-02-14 04:00:00,Night,Bearing wear,83.8,4.319,63.49,1.91,9,123
DT_M012_20260215,M012,L3,2026-02-15 10:00:00,Day,Sensor drift,84.07,4.452,63.36,2.24,9,121
DT_M012_20260219,M012,L3,2026-02-19 16:00:00,Evening,Overheating,81.95,4.538,62.28,2.38,0,61
DT_M012_20260222,M012,L3,2026-02-22 18:00:00,Evening,Bearing wear,82.81,4.539,63.34,2.44,0,82
DT_M012_20260223,M012,L3,2026-02-23 17:00:00,Evening,Overheating,82.74,4.738,63.6,2.14,0,46
DT_M012_20260226,M012,L3,2026-02-26 03:00:00,Night,Overheating,83.46,4.565,63.76,2.24,4,58
DT_M012_20260228,M012,L3,2026-02-28 22:00:00,Evening,Sensor drift,85.07,4.858,64.44,2.09,5,136
DT_M012_20260301,M012,L3,2026-03-01 00:00:00,Night,Overheating,84.24,4.787,65.11,1.96,9,90
DT_M013_20260203,M013,L1,2026-02-03 21:00:00,Evening,Pressure instability,79.76,3.453,65.16,1.96,0,46
DT_M013_20260206,M013,L1,2026-02-06 11:00:00,Day,Bearing wear,79.46,3.389,65.95,2.27,0,52
DT_M013_20260209,M013,L1,2026-02-09 00:00:00,Night,Sensor drift,80.29,3.652,65.59,1.93,0,47
DT_M013_20260211,M013,L1,2026-02-11 13:00:00,Day,Bearing wear,80.49,3.919,66.89,2.13,0,78
DT_M013_20260212,M013,L1,2026-02-12 00:00:00,Night,Pressure instability,82.85,3.849,66.95,2.39,0,52
DT_M013_20260215,M013,L1,2026-02-15 05:00:00,Night,Bearing wear,82.41,3.959,67.11,1.68,0,69
DT_M013_20260221,M013,L1,2026-02-21 00:00:00,Night,Overheating,80.59,3.798,66.58,2.14,0,47
DT_M013_20260228,M013,L1,2026-02-28 01:00:00,Night,Overheating,82.76,4.191,68.34,2.33,1,106
DT_M014_20260123,M014,L2,2026-01-23 04:00:00,Night,Overheating,78.97,3.612,62.66,2.06,0,69
DT_M014_20260125,M014,L2,2026-01-25 10:00:00,Day,Overheating,79.97,3.579,62.75,2.09,0,71
DT_M014_20260203,M014,L2,2026-02-03 19:00:00,Evening,Overheating,79.55,3.834,62.22,2.06,0,90
DT_M014_20260216,M014,L2,2026-02-16 02:00:00,Night,Sensor drift,80.14,4.118,63.98,1.91,0,82
DT_M014_20260217,M014,L2,2026-02-17 12:00:00,Day,Pressure instability,79.9,4.446,63.46,2.42,0,79
DT_M014_20260219,M014,L2,2026-02-19 00:00:00,Night,Pressure instability,81.52,4.301,64.65,2.25,0,32
DT_M014_20260225,M014,L2,2026-02-25 12:00:00,Day,Overheating,79.92,4.483,65.0,2.06,0,55
DT_M014_20260227,M014,L2,2026-02-27 14:00:00,Day,Overheating,80.07,4.674,65.31,2.12,2,89
DT_M014_20260301,M014,L2,2026-03-01 06:00:00,Night,Overheating,79.03,4.522,65.09,2.55,0,71
DT_M015_20260101,M015,L3,2026-01-01 04:00:00,Night,Sensor drift,83.1,2.56,57.31,1.55,0,48
DT_M015_20260130,M015,L3,2026-01-30 08:00:00,Day,Bearing wear,82.65,3.453,60.15,2.34,0,74
DT_M015_20260213,M015,L3,2026-02-13 21:00:00,Evening,Overheating,82.24,3.721,61.19,1.68,0,50
DT_M015_20260216,M015,L3,2026-02-16 03:00:00,Night,Sensor drift,83.54,4.054,61.09,2.19,0,59
DT_M015_20260224,M015,L3,2026-02-24 16:00:00,Evening,Pressure instability,83.21,4.258,61.98,2.4,1,92
DT_M016_20260124,M016,L1,2026-01-24 00:00:00,Night,Pressure instability,83.88,3.779,55.53,2.09,0,90
DT_M016_20260125,M016,L1,2026-01-25 06:00:00,Night,Overheating,85.15,3.686,56.58,2.31,0,107
DT_M016_20260127,M016,L1,2026-01-27 15:00:00,Day,Sensor drift,83.44,3.786,56.25,2.07,0,43
DT_M016_20260130,M016,L1,2026-01-30 14:00:00,Day,Bearing wear,85.23,3.882,56.02,1.98,1,55
DT_M016_20260206,M016,L1,2026-02-06 23:00:00,Evening,Sensor drift,85.34,3.957,56.87,2.37,1,87
DT_M016_20260208,M016,L1,2026-02-08 19:00:00,Evening,Bearing wear,85.23,4.031,57.22,1.95,1,71
DT_M016_20260209,M016,L1,2026-02-09 14:00:00,Day,Overheating,84.34,4.085,57.77,2.43,1,61
DT_M016_20260210,M016,L1,2026-02-10 09:00:00,Day,Pressure instability,85.71,4.367,56.79,2.21,5,112
DT_M016_20260211,M016,L1,2026-02-11 00:00:00,Night,Sensor drift,84.94,4.172,57.0,2.81,3,95
DT_M016_20260214,M016,L1,2026-02-14 01:00:00,Night,Sensor drift,84.73,4.241,57.9,1.85,3,85
DT_M016_20260215,M016,L1,2026-02-15 16:00:00,Evening,Overheating,83.64,4.118,57.31,1.86,0,99
DT_M016_20260218,M016,L1,2026-02-18 18:00:00,Evening,Overheating,85.25,4.216,57.06,1.92,6,120
DT_M016_20260219,M016,L1,2026-02-19 17:00:00,Evening,Sensor drift,83.93,4.436,57.51,1.68,3,90
DT_M016_20260222,M016,L1,2026-02-22 05:00:00,Night,Sensor drift,84.89,4.448,57.37,2.13,2,99
DT_M016_20260224,M016,L1,2026-02-24 15:00:00,Day,Bearing wear,82.08,4.355,56.75,2.22,0,55
DT_M016_20260225,M016,L1,2026-02-25 14:00:00,Day,Overheating,83.14,4.373,56.66,2.2,2,69
DT_M016_20260227,M016,L1,2026-02-27 00:00:00,Night,Overheating,82.58,4.494,58.11,1.91,2,94
DT_M016_20260228,M016,L1,2026-02-28 16:00:00,Evening,Sensor drift,83.94,4.514,57.41,2.14,3,109
DT_M016_20260301,M016,L1,2026-03-01 01:00:00,Night,Pressure instability,83.28,4.558,58.68,2.6,5,108
DT_M017_20260102,M017,L2,2026-01-02 05:00:00,Night,Bearing wear,84.39,3.286,62.35,1.95,0,27
DT_M017_20260113,M017,L2,2026-01-13 19:00:00,Evening,Bearing wear,85.95,3.318,63.65,2.25,1,93
DT_M017_20260116,M017,L2,2026-01-16 13:00:00,Day,Pressure instability,83.92,3.566,64.54,1.89,0,79
DT_M017_20260119,M017,L2,2026-01-19 06:00:00,Night,Pressure instability,84.57,3.637,63.96,2.35,1,88
DT_M017_20260122,M017,L2,2026-01-22 17:00:00,Evening,Sensor drift,83.04,3.54,64.57,1.77,0,42
DT_M017_20260128,M017,L2,2026-01-28 00:00:00,Night,Overheating,84.13,3.866,64.64,1.89,1,89
DT_M017_20260204,M017,L2,2026-02-04 08:00:00,Day,Pressure instability,83.82,4.213,65.47,1.63,6,107
DT_M017_20260205,M017,L2,2026-02-05 10:00:00,Day,Bearing wear,84.23,4.036,64.83,2.31,3,82
DT_M017_20260206,M017,L2,2026-02-06 11:00:00,Day,Pressure instability,82.5,4.111,64.41,2.06,0,120
DT_M017_20260209,M017,L2,2026-02-09 03:00:00,Night,Sensor drift,82.76,4.228,65.62,1.94,1,80
DT_M017_20260212,M017,L2,2026-02-12 11:00:00,Day,Sensor drift,83.1,4.371,65.16,1.94,1,45
DT_M017_20260213,M017,L2,2026-02-13 11:00:00,Day,Overheating,83.15,4.111,65.28,2.07,0,89
DT_M017_20260215,M017,L2,2026-02-15 21:00:00,Evening,Pressure instability,81.32,4.209,65.66,1.9,0,90
DT_M017_20260219,M017,L2,2026-02-19 01:00:00,Night,Pressure instability,83.16,4.495,66.57,2.64,4,109
DT_M017_20260220,M017,L2,2026-02-20 11:00:00,Day,Sensor drift,82.96,4.459,66.24,2.02,3,75
DT_M017_20260221,M017,L2,2026-02-21 22:00:00,Evening,Bearing wear,82.94,4.481,66.35,2.57,5,132
DT_M017_20260223,M017,L2,2026-02-23 04:00:00,Night,Overheating,84.71,4.682,68.65,1.94,9,109
DT_M017_20260225,M017,L2,2026-02-25 11:00:00,Day,Pressure instability,83.17,4.633,67.76,2.27,9,117
DT_M017_20260226,M017,L2,2026-02-26 09:00:00,Day,Overheating,82.24,4.743,68.18,2.51,9,99
DT_M017_20260227,M017,L2,2026-02-27 15:00:00,Day,Overheating,83.48,4.906,67.6,2.69,11,131
DT_M017_20260228,M017,L2,2026-02-28 00:00:00,Night,Sensor drift,83.94,4.593,67.64,2.74,13,115
DT_M017_20260301,M017,L2,2026-03-01 21:00:00,Evening,Overheating,82.68,4.701,68.64,2.06,15,123
DT_M019_20260104,M019,L1,2026-01-04 10:00:00,Day,Sensor drift,81.36,3.218,64.66,1.6,0,81
DT_M019_20260115,M019,L1,2026-01-15 19:00:00,Evening,Pressure instability,80.13,3.7,66.22,1.83,0,48
DT_M019_20260121,M019,L1,2026-01-21 23:00:00,Evening,Bearing wear,81.3,3.693,66.21,1.87,0,44
DT_M019_20260124,M019,L1,2026-01-24 22:00:00,Evening,Sensor drift,77.61,3.784,66.02,2.18,0,69
DT_M019_20260129,M019,L1,2026-01-29 04:00:00,Night,Sensor drift,77.85,4.028,66.19,1.79,0,41
DT_M019_20260130,M019,L1,2026-01-30 23:00:00,Evening,Pressure instability,79.87,3.907,66.6,1.88,0,51
DT_M019_20260203,M019,L1,2026-02-03 23:00:00,Evening,Pressure instability,79.65,4.136,67.92,2.32,0,84
DT_M019_20260208,M019,L1,2026-02-08 05:00:00,Night,Overheating,80.98,4.344,69.03,2.48,0,53
DT_M019_20260210,M019,L1,2026-02-10 13:00:00,Day,Pressure instability,79.19,4.387,68.75,2.14,0,93
DT_M019_20260211,M019,L1,2026-02-11 03:00:00,Night,Sensor drift,82.1,4.331,68.85,1.55,1,67
DT_M019_20260213,M019,L1,2026-02-13 08:00:00,Day,Overheating,79.99,4.392,68.46,2.28,0,83
DT_M019_20260214,M019,L1,2026-02-14 04:00:00,Night,Bearing wear,81.96,4.258,69.52,1.87,0,61
DT_M019_20260218,M019,L1,2026-02-18 16:00:00,Evening,Overheating,79.03,4.553,68.17,2.42,0,52
DT_M019_20260222,M019,L1,2026-02-22 16:00:00,Evening,Overheating,79.1,4.448,69.63,2.42,0,59
DT_M019_20260223,M019,L1,2026-02-23 04:00:00,Night,Pressure instability,78.58,4.568,69.17,2.07,0,85
DT_M019_20260224,M019,L1,2026-02-24 07:00:00,Night,Sensor drift,79.9,4.668,69.34,2.8,2,88
DT_M019_20260225,M019,L1,2026-02-25 13:00:00,Day,Overheating,78.84,4.649,69.57,2.71,2,69
DT_M019_20260227,M019,L1,2026-02-27 05:00:00,Night,Pressure instability,81.0,4.872,69.91,1.71,1,93
DT_M019_20260301,M019,L1,2026-03-01 10:00:00,Day,Pressure instability,79.51,5.243,70.4,2.16,4,71
DT_M020_20260103,M020,L2,2026-01-03 19:00:00,Evening,Pressure instability,80.42,3.252,55.01,2.3,0,37
DT_M020_20260118,M020,L2,2026-01-18 01:00:00,Night,Overheating,79.86,3.822,56.22,2.17,0,78
DT_M020_20260126,M020,L2,2026-01-26 07:00:00,Night,Pressure instability,81.49,4.221,56.42,1.83,0,49
DT_M020_20260128,M020,L2,2026-01-28 10:00:00,Day,Overheating,81.0,4.134,56.8,1.91,0,96
DT_M020_20260205,M020,L2,2026-02-05 05:00:00,Night,Pressure instability,79.25,4.361,57.26,1.71,0,46
DT_M020_20260209,M020,L2,2026-02-09 22:00:00,Evening,Sensor drift,81.67,4.629,57.33,2.16,0,76
DT_M020_20260210,M020,L2,2026-02-10 09:00:00,Day,Overheating,80.8,4.494,57.49,2.49,0,80
DT_M020_20260214,M020,L2,2026-02-14 22:00:00,Evening,Pressure instability,80.36,4.634,58.0,2.04,0,86
DT_M020_20260221,M020,L2,2026-02-21 14:00:00,Day,Overheating,83.21,4.845,58.88,2.2,7,111
DT_M020_20260222,M020,L2,2026-02-22 18:00:00,Evening,Pressure instability,80.0,4.681,59.18,2.5,4,100
DT_M020_20260223,M020,L2,2026-02-23 00:00:00,Night,Bearing wear,81.73,4.829,59.19,2.05,8,102
DT_M020_20260224,M020,L2,2026-02-24 15:00:00,Day,Sensor drift,81.41,4.785,59.1,2.25,8,129
DT_M020_20260226,M020,L2,2026-02-26 06:00:00,Night,Overheating,79.67,4.823,57.86,2.59,3,101
DT_M020_20260301,M020,L2,2026-03-01 03:00:00,Night,Overheating,78.13,4.818,58.82,1.87,5,86
DT_M021_20260106,M021,L3,2026-01-06 02:00:00,Night,Sensor drift,77.23,3.284,56.89,1.6,0,60
DT_M021_20260116,M021,L3,2026-01-16 18:00:00,Evening,Pressure instability,76.9,3.58,57.59,1.58,0,85
DT_M021_20260122,M021,L3,2026-01-22 16:00:00,Evening,Overheating,78.09,3.839,57.73,2.04,0,66
DT_M021_20260203,M021,L3,2026-02-03 03:00:00,Night,Overheating,75.97,4.005,58.7,1.86,0,56
DT_M021_20260205,M021,L3,2026-02-05 02:00:00,Night,Pressure instability,77.24,4.064,59.47,2.39,0,73
DT_M021_20260208,M021,L3,2026-02-08 04:00:00,Night,Bearing wear,78.07,4.252,60.4,2.22,0,68
DT_M021_20260212,M021,L3,2026-02-12 03:00:00,Night,Pressure instability,75.94,4.353,59.39,2.07,0,55
DT_M021_20260216,M021,L3,2026-02-16 12:00:00,Day,Bearing wear,78.08,4.612,60.17,2.1,0,79
DT_M021_20260217,M021,L3,2026-02-17 16:00:00,Evening,Overheating,76.79,4.47,60.22,2.36,1,119
DT_M021_20260218,M021,L3,2026-02-18 17:00:00,Evening,Pressure instability,77.48,4.494,60.59,1.87,0,94
DT_M021_20260221,M021,L3,2026-02-21 03:00:00,Night,Overheating,78.5,4.802,60.49,2.18,2,84
DT_M021_20260223,M021,L3,2026-02-23 11:00:00,Day,Bearing wear,76.78,4.627,60.82,2.22,8,123
DT_M021_20260224,M021,L3,2026-02-24 10:00:00,Day,Overheating,77.88,4.705,61.02,2.21,6,111
DT_M021_20260225,M021,L3,2026-02-25 03:00:00,Night,Pressure instability,76.58,4.634,61.45,2.51,5,110
DT_M021_20260226,M021,L3,2026-02-26 14:00:00,Day,Overheating,77.83,4.797,61.11,2.38,6,105
DT_M021_20260227,M021,L3,2026-02-27 14:00:00,Day,Sensor drift,77.2,4.858,61.08,2.02,7,113
DT_M021_20260228,M021,L3,2026-02-28 02:00:00,Night,Bearing wear,77.21,4.867,61.05,2.56,13,140
DT_M022_20260103,M022,L1,2026-01-03 06:00:00,Night,Overheating,86.78,2.775,58.54,1.83,0,59
DT_M022_20260109,M022,L1,2026-01-09 05:00:00,Night,Sensor drift,86.61,3.03,58.95,1.6,0,54
DT_M022_20260121,M022,L1,2026-01-21 10:00:00,Day,Pressure instability,90.26,3.463,60.39,1.57,1,81
DT_M022_20260125,M022,L1,2026-01-25 15:00:00,Day,Overheating,86.04,3.252,59.76,2.16,0,82
DT_M022_20260209,M022,L1,2026-02-09 09:00:00,Day,Pressure instability,86.44,3.846,62.34,1.51,0,62
DT_M022_20260216,M022,L1,2026-02-16 23:00:00,Evening,Overheating,86.02,4.027,62.62,1.91,2,80
DT_M022_20260218,M022,L1,2026-02-18 08:00:00,Day,Bearing wear,87.22,4.18,61.99,1.91,4,100
DT_M022_20260223,M022,L1,2026-02-23 19:00:00,Evening,Bearing wear,86.24,4.342,62.38,2.04,3,67
DT_M022_20260224,M022,L1,2026-02-24 12:00:00,Day,Sensor drift,85.97,4.302,63.09,2.76,9,105
DT_M022_20260225,M022,L1,2026-02-25 16:00:00,Evening,Bearing wear,88.26,4.367,62.67,1.94,8,117
DT_M022_20260226,M022,L1,2026-02-26 12:00:00,Day,Overheating,88.27,4.329,63.58,2.27,8,91
DT_M022_20260227,M022,L1,2026-02-27 19:00:00,Evening,Overheating,87.15,4.243,63.35,2.27,7,110
DT_M022_20260228,M022,L1,2026-02-28 07:00:00,Night,Sensor drift,85.87,4.426,63.61,2.41,8,115
DT_M022_20260301,M022,L1,2026-03-01 17:00:00,Evening,Pressure instability,84.17,4.346,63.39,2.69,2,91
DT_M023_20260103,M023,L2,2026-01-03 09:00:00,Day,Bearing wear,86.74,3.349,65.02,1.85,0,68
DT_M023_20260111,M023,L2,2026-01-11 12:00:00,Day,Overheating,85.47,3.611,66.05,2.6,0,64
DT_M023_20260114,M023,L2,2026-01-14 04:00:00,Night,Pressure instability,83.51,3.545,65.55,1.78,0,86
DT_M023_20260115,M023,L2,2026-01-15 19:00:00,Evening,Overheating,85.36,3.594,65.67,1.39,0,66
DT_M023_20260118,M023,L2,2026-01-18 20:00:00,Evening,Sensor drift,85.79,3.694,66.34,1.65,0,33
DT_M023_20260119,M023,L2,2026-01-19 23:00:00,Evening,Overheating,84.43,3.822,67.2,2.48,0,85
DT_M023_20260122,M023,L2,2026-01-22 03:00:00,Night,Sensor drift,85.69,3.698,67.64,1.74,0,78
DT_M023_20260123,M023,L2,2026-01-23 23:00:00,Evening,Sensor drift,86.65,3.986,66.99,2.32,2,70
DT_M023_20260124,M023,L2,2026-01-24 02:00:00,Night,Overheating,84.73,3.832,67.55,1.97,1,55
DT_M023_20260127,M023,L2,2026-01-27 04:00:00,Night,Bearing wear,85.99,3.986,67.78,1.77,3,83
DT_M023_20260128,M023,L2,2026-01-28 09:00:00,Day,Sensor drift,85.57,4.118,68.03,2.34,4,82
DT_M023_20260129,M023,L2,2026-01-29 16:00:00,Evening,Pressure instability,85.41,3.986,67.77,2.15,0,69
DT_M023_20260130,M023,L2,2026-01-30 22:00:00,Evening,Overheating,84.42,4.119,67.8,1.59,2,70
DT_M023_20260131,M023,L2,2026-01-31 22:00:00,Evening,Pressure instability,86.49,4.137,68.08,2.5,3,81
DT_M023_20260201,M023,L2,2026-02-01 05:00:00,Night,Overheating,85.74,4.12,67.71,2.26,3,77
DT_M023_20260204,M023,L2,2026-02-04 01:00:00,Night,Overheating,87.37,4.228,68.16,2.71,5,101
DT_M023_20260205,M023,L2,2026-02-05 11:00:00,Day,Overheating,85.28,4.111,68.72,1.9,6,64
DT_M023_20260206,M023,L2,2026-02-06 23:00:00,Evening,Bearing wear,85.4,4.237,68.92,2.3,8,120
DT_M023_20260207,M023,L2,2026-02-07 18:00:00,Evening,Sensor drift,87.38,4.377,68.68,1.91,6,104
DT_M023_20260208,M023,L2,2026-02-08 05:00:00,Night,Sensor drift,85.13,4.327,68.58,1.74,5,107
DT_M023_20260209,M023,L2,2026-02-09 11:00:00,Day,Sensor drift,87.63,4.421,69.79,2.25,13,137
DT_M023_20260210,M023,L2,2026-02-10 15:00:00,Day,Bearing wear,85.49,4.384,69.04,2.46,11,104
DT_M023_20260211,M023,L2,2026-02-11 00:00:00,Night,Pressure instability,87.19,4.517,69.7,2.18,10,158
DT_M023_20260213,M023,L2,2026-02-13 12:00:00,Day,Sensor drift,85.72,4.544,69.51,2.2,10,93
DT_M023_20260214,M023,L2,2026-02-14 08:00:00,Day,Bearing wear,86.27,4.363,69.71,2.54,13,124
DT_M023_20260216,M023,L2,2026-02-16 21:00:00,Evening,Sensor drift,84.58,4.573,69.24,1.96,3,105
DT_M023_20260218,M023,L2,2026-02-18 19:00:00,Evening,Pressure instability,84.24,4.491,69.29,2.38,4,70
DT_M023_20260219,M023,L2,2026-02-19 12:00:00,Day,Pressure instability,85.27,4.468,69.05,2.3,6,101
DT_M023_20260220,M023,L2,2026-02-20 22:00:00,Evening,Pressure instability,84.9,4.782,69.22,1.86,7,75
DT_M023_20260221,M023,L2,2026-02-21 10:00:00,Day,Pressure instability,86.06,4.707,69.81,1.73,8,111
DT_M023_20260222,M023,L2,2026-02-22 12:00:00,Day,Overheating,86.77,4.606,70.55,2.36,9,121
DT_M023_20260223,M023,L2,2026-02-23 12:00:00,Day,Bearing wear,85.39,4.664,69.59,2.31,10,97
DT_M023_20260224,M023,L2,2026-02-24 07:00:00,Night,Sensor drift,83.91,4.686,68.74,2.19,5,94
DT_M023_20260225,M023,L2,2026-02-25 12:00:00,Day,Sensor drift,84.71,4.771,69.91,2.17,7,112
DT_M023_20260228,M023,L2,2026-02-28 07:00:00,Night,Pressure instability,85.59,4.611,69.92,2.09,12,122
DT_M023_20260301,M023,L2,2026-03-01 22:00:00,Evening,Overheating,87.2,4.875,71.08,2.35,15,142
DT_M024_20260117,M024,L3,2026-01-17 20:00:00,Evening,Sensor drift,78.42,3.404,57.12,1.86,0,61
DT_M024_20260123,M024,L3,2026-01-23 06:00:00,Night,Overheating,78.93,3.435,57.58,2.05,0,20
DT_M024_20260204,M024,L3,2026-02-04 13:00:00,Day,Sensor drift,76.58,3.865,58.19,1.58,0,57
DT_M024_20260215,M024,L3,2026-02-15 11:00:00,Day,Overheating,78.12,4.077,59.97,1.72,0,68
DT_M024_20260219,M024,L3,2026-02-19 05:00:00,Night,Overheating,74.96,3.868,59.12,1.87,0,47
DT_M024_20260224,M024,L3,2026-02-24 20:00:00,Evening,Bearing wear,76.19,4.088,59.7,1.87,0,50
DT_M024_20260226,M024,L3,2026-02-26 01:00:00,Night,Bearing wear,77.42,4.37,60.79,2.31,0,46
DT_M025_20260101,M025,L1,2026-01-01 14:00:00,Day,Pressure instability,78.9,3.336,52.45,2.08,0,52
DT_M025_20260104,M025,L1,2026-01-04 17:00:00,Evening,Overheating,79.24,3.19,52.9,1.99,0,68
DT_M025_20260114,M025,L1,2026-01-14 13:00:00,Day,Pressure instability,78.05,3.405,52.69,1.87,0,54
DT_M025_20260116,M025,L1,2026-01-16 22:00:00,Evening,Sensor drift,75.9,3.486,52.92,2.05,0,66
DT_M025_20260123,M025,L1,2026-01-23 14:00:00,Day,Overheating,79.59,4.033,54.02,1.9,0,60
DT_M025_20260126,M025,L1,2026-01-26 22:00:00,Evening,Overheating,77.41,3.858,53.93,1.75,0,51
DT_M025_20260131,M025,L1,2026-01-31 04:00:00,Night,Overheating,79.63,3.814,53.58,1.77,0,39
DT_M025_20260202,M025,L1,2026-02-02 02:00:00,Night,Overheating,77.26,3.849,54.37,2.11,0,59
DT_M025_20260207,M025,L1,2026-02-07 08:00:00,Day,Overheating,78.15,3.972,55.16,1.92,0,97
DT_M025_20260210,M025,L1,2026-02-10 02:00:00,Night,Pressure instability,77.45,4.288,55.6,2.17,0,64
DT_M025_20260220,M025,L1,2026-02-20 10:00:00,Day,Overheating,77.83,4.553,55.7,1.77,0,58
DT_M025_20260222,M025,L1,2026-02-22 10:00:00,Day,Bearing wear,79.93,4.704,56.43,1.98,0,96
DT_M025_20260223,M025,L1,2026-02-23 00:00:00,Night,Overheating,77.83,4.668,56.79,2.66,2,76
DT_M025_20260224,M025,L1,2026-02-24 10:00:00,Day,Overheating,77.63,4.566,56.31,2.08,1,59
DT_M025_20260228,M025,L1,2026-02-28 13:00:00,Day,Bearing wear,77.27,4.703,57.0,2.48,10,106
DT_M026_20260106,M026,L2,2026-01-06 06:00:00,Night,Overheating,84.61,2.874,72.37,2.21,0,61
DT_M026_20260108,M026,L2,2026-01-08 23:00:00,Evening,Overheating,83.58,2.907,72.4,2.11,0,69
DT_M026_20260110,M026,L2,2026-01-10 02:00:00,Night,Bearing wear,82.99,2.958,72.21,1.98,0,42
DT_M026_20260111,M026,L2,2026-01-11 02:00:00,Night,Pressure instability,83.08,3.174,72.54,1.43,0,84
DT_M026_20260113,M026,L2,2026-01-13 09:00:00,Day,Pressure instability,83.9,3.156,73.14,1.94,0,61
DT_M026_20260118,M026,L2,2026-01-18 07:00:00,Night,Pressure instability,85.33,3.012,73.36,1.8,0,72
DT_M026_20260121,M026,L2,2026-01-21 10:00:00,Day,Overheating,83.07,3.438,74.49,1.83,0,47
DT_M026_20260123,M026,L2,2026-01-23 06:00:00,Night,Sensor drift,84.44,3.275,73.78,2.22,0,72
DT_M026_20260125,M026,L2,2026-01-25 19:00:00,Evening,Sensor drift,82.71,3.455,74.81,1.95,0,43
DT_M026_20260128,M026,L2,2026-01-28 03:00:00,Night,Overheating,82.88,3.58,74.57,2.26,0,73
DT_M026_20260129,M026,L2,2026-01-29 13:00:00,Day,Bearing wear,83.45,3.332,75.1,2.12,0,45
DT_M026_20260131,M026,L2,2026-01-31 10:00:00,Day,Overheating,83.2,3.599,74.93,1.72,0,54
DT_M026_20260202,M026,L2,2026-02-02 08:00:00,Day,Pressure instability,82.3,3.622,75.14,2.35,0,49
DT_M026_20260203,M026,L2,2026-02-03 00:00:00,Night,Bearing wear,84.1,3.652,75.29,2.88,0,71
DT_M026_20260204,M026,L2,2026-02-04 05:00:00,Night,Overheating,83.61,3.702,75.0,2.46,0,93
DT_M026_20260205,M026,L2,2026-02-05 05:00:00,Night,Pressure instability,83.2,3.508,74.97,1.46,0,58
DT_M026_20260206,M026,L2,2026-02-06 11:00:00,Day,Overheating,82.88,3.723,75.57,2.16,0,58
DT_M026_20260208,M026,L2,2026-02-08 02:00:00,Night,Bearing wear,80.63,3.872,75.25,2.15,0,78
DT_M026_20260210,M026,L2,2026-02-10 18:00:00,Evening,Pressure instability,81.99,3.528,75.54,2.59,0,62
DT_M026_20260211,M026,L2,2026-02-11 03:00:00,Night,Overheating,81.62,3.914,75.19,1.96,0,71
DT_M026_20260213,M026,L2,2026-02-13 04:00:00,Night,Pressure instability,83.08,3.657,75.95,2.15,0,58
DT_M026_20260216,M026,L2,2026-02-16 15:00:00,Day,Sensor drift,83.81,3.871,76.21,2.1,0,72
DT_M026_20260217,M026,L2,2026-02-17 11:00:00,Day,Pressure instability,83.23,3.941,76.91,2.0,0,35
DT_M026_20260221,M026,L2,2026-02-21 16:00:00,Evening,Pressure instability,83.74,4.166,76.67,1.93,1,56
DT_M026_20260225,M026,L2,2026-02-25 10:00:00,Day,Sensor drift,82.55,4.156,76.37,2.62,0,74
DT_M026_20260226,M026,L2,2026-02-26 00:00:00,Night,Overheating,83.48,4.148,77.17,1.59,0,35
DT_M026_20260227,M026,L2,2026-02-27 18:00:00,Evening,Pressure instability,84.41,4.194,77.3,2.34,1,47
DT_M026_20260228,M026,L2,2026-02-28 13:00:00,Day,Overheating,82.15,4.403,77.51,2.5,1,82
DT_M026_20260301,M026,L2,2026-03-01 03:00:00,Night,Overheating,84.91,4.136,77.96,2.6,1,100
DT_M027_20260102,M027,L3,2026-01-02 20:00:00,Evening,Sensor drift,81.62,3.167,58.1,1.34,0,54
DT_M027_20260117,M027,L3,2026-01-17 02:00:00,Night,Pressure instability,82.6,3.65,58.67,1.63,0,50
DT_M027_20260122,M027,L3,2026-01-22 22:00:00,Evening,Bearing wear,82.3,3.77,58.9,1.86,0,48
DT_M027_20260123,M027,L3,2026-01-23 13:00:00,Day,Pressure instability,80.51,4.023,59.6,2.17,0,68
DT_M027_20260204,M027,L3,2026-02-04 15:00:00,Day,Pressure instability,81.77,3.909,60.66,2.1,0,79
DT_M027_20260214,M027,L3,2026-02-14 03:00:00,Night,Pressure instability,80.24,4.376,61.71,2.32,4,100
DT_M027_20260216,M027,L3,2026-02-16 12:00:00,Day,Overheating,81.63,4.513,61.32,2.27,4,69
DT_M027_20260217,M027,L3,2026-02-17 06:00:00,Night,Pressure instability,80.2,4.377,61.59,2.06,6,110
DT_M027_20260221,M027,L3,2026-02-21 14:00:00,Day,Overheating,80.06,4.426,61.54,2.06,6,130
DT_M027_20260222,M027,L3,2026-02-22 10:00:00,Day,Overheating,80.52,4.594,61.81,2.32,10,109
DT_M027_20260225,M027,L3,2026-02-25 23:00:00,Evening,Bearing wear,80.06,4.572,60.82,2.17,1,95
DT_M027_20260226,M027,L3,2026-02-26 18:00:00,Evening,Bearing wear,80.71,4.579,61.51,1.94,2,74
DT_M028_20260116,M028,L1,2026-01-16 04:00:00,Night,Overheating,73.75,2.596,58.52,2.23,0,49
DT_M028_20260215,M028,L1,2026-02-15 08:00:00,Day,Overheating,74.9,3.883,60.95,2.16,0,49
DT_M029_20260105,M029,L2,2026-01-05 08:00:00,Day,Pressure instability,79.43,2.992,65.54,1.74,0,56
DT_M029_20260114,M029,L2,2026-01-14 12:00:00,Day,Bearing wear,80.71,3.554,67.18,2.18,0,60
DT_M029_20260119,M029,L2,2026-01-19 23:00:00,Evening,Overheating,77.9,3.437,68.12,1.59,0,22
DT_M029_20260120,M029,L2,2026-01-20 13:00:00,Day,Overheating,79.77,3.478,68.43,2.03,0,45
DT_M029_20260130,M029,L2,2026-01-30 23:00:00,Evening,Bearing wear,81.55,3.795,68.88,1.93,0,87
DT_M029_20260131,M029,L2,2026-01-31 09:00:00,Day,Bearing wear,79.81,4.195,69.09,2.1,0,57
DT_M029_20260201,M029,L2,2026-02-01 03:00:00,Night,Pressure instability,80.57,4.098,68.77,2.49,0,43
DT_M029_20260205,M029,L2,2026-02-05 17:00:00,Evening,Overheating,76.91,3.783,68.56,2.26,0,60
DT_M029_20260208,M029,L2,2026-02-08 07:00:00,Night,Bearing wear,80.03,4.126,68.38,2.37,0,92
DT_M029_20260210,M029,L2,2026-02-10 00:00:00,Night,Pressure instability,79.08,4.041,69.43,2.02,0,38
DT_M029_20260215,M029,L2,2026-02-15 23:00:00,Evening,Sensor drift,78.99,4.297,69.9,2.43,0,62
DT_M029_20260217,M029,L2,2026-02-17 23:00:00,Evening,Overheating,77.67,4.332,70.04,2.73,0,78
DT_M029_20260225,M029,L2,2026-02-25 13:00:00,Day,Pressure instability,79.02,4.484,71.28,2.67,0,90
DT_M029_20260226,M029,L2,2026-02-26 06:00:00,Night,Bearing wear,81.31,4.499,71.21,2.37,0,49
DT_M029_20260227,M029,L2,2026-02-27 09:00:00,Day,Bearing wear,80.02,4.665,71.62,1.82,0,71
DT_M030_20260102,M030,L3,2026-01-02 22:00:00,Evening,Overheating,78.47,3.591,54.03,2.68,0,68
DT_M030_20260103,M030,L3,2026-01-03 21:00:00,Evening,Pressure instability,78.19,3.555,54.0,1.99,0,63
DT_M030_20260111,M030,L3,2026-01-11 03:00:00,Night,Overheating,75.97,3.555,53.93,1.48,0,79
DT_M030_20260201,M030,L3,2026-02-01 21:00:00,Evening,Overheating,75.44,4.418,55.05,2.19,0,71
DT_M030_20260209,M030,L3,2026-02-09 21:00:00,Evening,Overheating,76.92,4.593,56.52,1.81,0,84
DT_M030_20260210,M030,L3,2026-02-10 02:00:00,Night,Sensor drift,76.38,4.56,56.9,2.3,0,71
DT_M030_20260212,M030,L3,2026-02-12 19:00:00,Evening,Bearing wear,78.08,4.616,56.91,1.87,0,47
DT_M030_20260213,M030,L3,2026-02-13 04:00:00,Night,Sensor drift,76.4,4.65,58.01,2.41,1,92
DT_M030_20260218,M030,L3,2026-02-18 05:00:00,Night,Pressure instability,79.35,4.808,57.59,2.32,2,107
DT_M030_20260220,M030,L3,2026-02-20 09:00:00,Day,Pressure instability,77.76,4.923,56.91,2.21,1,77
DT_M030_20260221,M030,L3,2026-02-21 23:00:00,Evening,Bearing wear,76.5,4.904,57.46,2.6,1,85
DT_M030_20260223,M030,L3,2026-02-23 03:00:00,Night,Overheating,76.58,4.822,57.43,2.38,1,61
DT_M030_20260226,M030,L3,2026-02-26 08:00:00,Day,Overheating,77.75,4.915,57.93,2.63,3,93
DT_M030_20260228,M030,L3,2026-02-28 03:00:00,Night,Overheating,76.29,5.058,57.62,2.52,8,124
DT_M030_20260301,M030,L3,2026-03-01 10:00:00,Day,Overheating,78.28,5.151,58.46,2.38,7,101
